{"cameraMode":{"drawMode":0,"name":"Shaded","section":"Shading Mode"},"sceneLighting":false,"audioPlay":false,"sceneViewState":{"showFog":true,"showMaterialUpdate":false,"showSkybox":false,"showFlares":true,"showImageEffects":true,"showParticleSystems":true},"in2DMode":false,"pivot":{"x":237.52406311035157,"y":49.42698287963867,"z":0.0},"rotation":{"x":0.07866860181093216,"y":0.5497351884841919,"z":-0.05210510641336441,"w":0.8299918174743652},"size":494.9323425292969,"orthographic":true}