{"cameraMode":{"drawMode":0,"name":"Shaded","section":"Shading Mode"},"sceneLighting":true,"audioPlay":false,"sceneViewState":{"showFog":true,"showMaterialUpdate":false,"showSkybox":true,"showFlares":true,"showImageEffects":true,"showParticleSystems":true},"in2DMode":false,"pivot":{"x":0.0,"y":0.25548553466796877,"z":0.48883503675460818},"rotation":{"x":0.11501473933458328,"y":-0.06253886222839356,"z":0.00725553696975112,"w":0.9913668632507324},"size":15.5194673538208,"orthographic":true}