{"cameraMode":{"drawMode":0,"name":"Shaded","section":"Shading Mode"},"sceneLighting":true,"audioPlay":false,"sceneViewState":{"showFog":true,"showMaterialUpdate":false,"showSkybox":true,"showFlares":true,"showImageEffects":true,"showParticleSystems":true},"in2DMode":false,"pivot":{"x":3.871248245239258,"y":-1.0186362266540528,"z":-0.30000004172325137},"rotation":{"x":0.044929880648851398,"y":-0.049429912120103839,"z":0.002225852571427822,"w":0.9977642297744751},"size":9.539493560791016,"orthographic":true}