{"cameraMode":{"drawMode":0,"name":"Shaded","section":"Shading Mode"},"sceneLighting":false,"audioPlay":false,"sceneViewState":{"showFog":true,"showMaterialUpdate":false,"showSkybox":false,"showFlares":true,"showImageEffects":true,"showParticleSystems":true},"in2DMode":false,"pivot":{"x":-1.3510442972183228,"y":1.8784406185150147,"z":0.9422802925109863},"rotation":{"x":-0.8302200436592102,"y":-0.16678665578365327,"z":-0.3354571461677551,"w":0.41277819871902468},"size":1.3793278932571412,"orthographic":true}