{"cameraMode":{"drawMode":0,"name":"Shaded","section":"Shading Mode"},"sceneLighting":false,"audioPlay":false,"sceneViewState":{"showFog":true,"showMaterialUpdate":false,"showSkybox":false,"showFlares":true,"showImageEffects":true,"showParticleSystems":true},"in2DMode":false,"pivot":{"x":0.2860065698623657,"y":-0.25935906171798708,"z":0.5502798557281494},"rotation":{"x":0.11925940960645676,"y":-0.08626551181077957,"z":0.010401838459074498,"w":0.9890536069869995},"size":3.7507994174957277,"orthographic":false}