{"cameraMode":{"drawMode":0,"name":"Shaded","section":"Shading Mode"},"sceneLighting":false,"audioPlay":false,"sceneViewState":{"showFog":true,"showMaterialUpdate":false,"showSkybox":false,"showFlares":true,"showImageEffects":true,"showParticleSystems":true},"in2DMode":false,"pivot":{"x":0.25537109375,"y":1.49853515625,"z":-0.7924542427062988},"rotation":{"x":-0.059862952679395679,"y":-0.05805661901831627,"z":0.0034872398246079685,"w":-0.996512770652771},"size":3.6816084384918215,"orthographic":true}