{"cameraMode":{"drawMode":0,"name":"Shaded","section":"Shading Mode"},"sceneLighting":false,"audioPlay":false,"sceneViewState":{"showFog":true,"showMaterialUpdate":false,"showSkybox":false,"showFlares":true,"showImageEffects":true,"showParticleSystems":true},"in2DMode":false,"pivot":{"x":0.4888349771499634,"y":0.25548553466796877,"z":0.0},"rotation":{"x":0.05262043699622154,"y":0.4786520004272461,"z":-0.02875363454222679,"w":0.8759545087814331},"size":5.693399429321289,"orthographic":true}